,Closed PnL,Closed PnL,Size USD
,mean,median,mean
classification,,,
Extreme Fear,34.53786207897196,0.0,5349.7318429906545
Extreme Greed,67.89286133909282,0.0,3112.2515645629123
Fear,54.2903996254993,0.0,7816.109930785776
Greed,42.74355948851957,0.0,5736.884375086974
Neutral,34.30771839807886,0.0,4782.732661465797
